ID,NAME,PHONE,STREET,CITY,STATE,ZIPCODE
http://example.org/people/0,name_0,phone_0,street_0,city_0,state_0,zipcode_0
http://example.org/people/1,name_1,phone_1,street_1,city_1,state_1,zipcode_1
http://example.org/people/2,name_2,phone_2,street_2,city_2,state_2,zipcode_2
http://example.org/people/3,name_3,phone_3,street_3,city_3,state_3,zipcode_3
http://example.org/people/4,name_4,phone_4,street_4,city_4,state_4,zipcode_4
http://example.org/people/5,name_5,phone_5,street_5,city_5,state_5,zipcode_5
http://example.org/people/6,name_6,phone_6,street_6,city_6,state_6,zipcode_6
http://example.org/people/7,name_7,phone_7,street_7,city_7,state_7,zipcode_7
http://example.org/people/8,name_8,phone_8,street_8,city_8,state_8,zipcode_8
http://example.org/people/9,name_9,phone_9,street_9,city_9,state_9,zipcode_9
http://example.org/people/10,name_10,phone_10,street_10,city_10,state_10,zipcode_10
